Word,Count
the,38
=,32
*,24
to,21
is,19
be,16
Cl_MacState,16
console,16
if,15
a,15
,13
there,13
Cl_MacRetval,13
timer,13
MAC_POST_RINSE_STANDBY;,12
data,12
read,10
for,10
check,9
moved,9
any,9
by,8
can,7
status,6
of,6
Created:,6
PM,6
will,6
Author:,6
from,6
populated,6
interrupt,6
Reads,6
buffer,6
updates,5
==,5
system,5
ALSO,5
sub,4
interface,4
state,4
;,4
user,4
handlers,4
Cl_MacEvent,4
and,4
after,4
Cl_Rinse_Controller(Cl_MacEvent);,4
generate,4
},4
********************,4
tbr,4
an,4
respective,4
one,4
{,4
this,3
12/27/2013,3
EVT_NULL;,3
loop,3
true;,3
if(,3
may,3
CL_OK),3
thread,3
sending,2
up,2
.,2
initialized,2
This,2
sanjeer,2
on,2
EVT_SYS_DATA_CHANGED,2
main,2
set,2
time,2
(prog,2
smaller,2
code,2
sv_system_init();,2
0;,2
res3epctive,2
shifted,2
cl_mac_controller.c,2
MAC_STANDBY;,2
processing,2
prwepartion,2
Extern,2
Configure,2
Insert,2
prime,2
timerThread(,2
10-,2
handle,2
ms,2
protos,2
cl_console_proto_init(),2
has,2
acted,2
//,2
communication,2
Cl_MacEvent1.Cl_MacNewEvent,2
exception,2
timer..??,2
me,2
(on,2
polling,2
*********************,2
file,2
default,2
tick,2
Cl_MacEvent1.Cl_MacEvent[Cl_MacEvent1.Cl_MacNewEventcount],2
MAC_POST_DPREP_STANDBY;,2
\,\,2
configuration,2
event.ALSO,2
into,2
alarms,2
\corrections,\,2
sanjeer_k,2
then,2
event,2
port),2
\printf("\System\,2
A,2
fetched,2
System,2
100,2
\here,\,2
all,2
completed,2
******************,2
now,2
manual,2
receiving,2
It,2
test,2
console.It,2
*************,2
header,2
Cl_Mac_ClearEvents();**************,2
start,2
it,2
declarations,2
wrapper,2
provide,2
application,2
CL_ACCEPTED),2
been,2
),2
further,2
MAC,2
board,2
Cl_MacEvent1.Cl_MacNewEventcount++;,2
(,2
with,2
ready,2
event..???),2
12:17:08,2
uart,2
laso,2
:=,2
init,2
\Controls\n"\);\,2
much,2
Configuring,2
calibrate,1
MAC_STATES,1
*********,1
******************************************************************,1
cl_mac_controller.h,1
Cl_MacAppRequestHandler.c,1
cl_sys_status.h,1
call,1
else,1
break,1
flow,1
cl_sys_status.c,1
1/7/2014,1
cl_wait(100);,1
cl_sys_statbuffer.levelswitch2,1
Cl_MacEvent1.Cl_MacEventData[Cl_MacEvent1.Cl_MacNewEventcount]=,1
***************,1
cl_macirq;,1
following,1
Cl_MacEvent1.Cl_MacEventData[Cl_MacEvent1.Cl_MacNewEventcount][0]=,1
1/16/2014,1
2/12/2014,1
12:17:48,1
2:55:10,1
there;,1
12:26:28,1
3:21:40,1
Cl_MacNewEvent,1
CL_MAC_CONTROLLER_H_,1
sv_sys_statbuffer.levelswitch2;,1
GLOBALS***************,1
continue,1
CL_SYS_STATUS_H_,1
sanjeer************************,1
entry,1
